{
"scale_to_square_image_in_notifications":false,
"resume_on_audio_focus_gain":true,
"screen_brightness_timestamp_key":1697985482006,
"tablet_mode":"auto",
"popup_remember_size_pos_key":true,
"show_original_time_ago_key":false,
"enable_playback_state_lists":true,
"limit_mobile_data_usage":"limit_data_usage_none",
"channel_tabs":["show_channel_tabs_livestreams","show_channel_tabs_videos","show_channel_tabs_albums","show_channel_tabs_channels","show_channel_tabs_tracks","show_channel_tabs_about","show_channel_tabs_shorts","show_channel_tabs_playlists"],
"streams_notifications_interval":"14400",
"app_language_key":"system",
"popup_saved_width":1080.0,
"default_popup_resolution":"720p",
"show_higher_resolutions":false,
"show_comments":true,
"use_external_video_player":false,
"show_thumbnail_key":true,
"enable_lock_screen_video_thumbnail":true,
"show_crash_the_player_key":false,
"download_path_audio":"content://com.android.externalstorage.documents/tree/primary%3ADownload",
"popup_saved_x":0,
"prefer_original_audio":false,
"feed_update_threshold_key":"300",
"brightness_gesture_control":true,
"popup_saved_y":0,
"notification_colorize_key":true,
"update_check_consent_key":true,
"volume_gesture_control":true,
"streams_notifications_network":"wifi",
"enable_streams_notifications":false,
"right_gesture_control":"volume_control",
"autoplay_key":"autoplay_never_key",
"prefer_descriptive_audio":false,
"media_tunneling_device_blacklist_version":994,
"content_language":"en",
"image_quality_key":"image_quality_medium",
"enable_search_history":true,
"show_meta_info":true,
"acra.legacyAlreadyConvertedTo4.8.0":true,
"theme":"dark_theme",
"preferred_open_action_key":"always_ask_player",
"download_thumbnail_key":true,
"default_video_format":"video_mp4",
"linear":true,
"show_description":true,
"update_expiry_key":1718063549,
"last_used_preferences_version":6,
"seekbar_preview_thumbnail_key":"seekbar_preview_thumbnail_high_quality",
"left_gesture_control":"brightness_control",
"show_hold_to_append":true,
"acra.lastVersionNr":968,
"downloads_queue_limit":false,
"show_original_time_ago_text_key":false,
"screen_brightness_key":0.5950617,
"use_inexact_seek_key":false,
"show_age_restricted_content":true,
"clear_queue_confirmation_key":false,
"last_dl_type_video":"last_dl_type_video",
"auto_queue_key":false,
"playback_skip_silence_key":false,
"night_theme":"dark_theme",
"enable_playback_resume":false,
"file_replacement_character":"_",
"update_app_key":true,
"default_resolution":"720p",
"downloads_max_retry":"3",
"content_country":"GB",
"show_next_video":true,
"downloads_storage_ask":false,
"download_path":"content://com.android.externalstorage.documents/tree/primary%3ADownload",
"list_view_mode":"auto",
"cross_network_downloads":false,
"allow_heap_dumping_key":false,
"feed_fetch_channel_tabs":["fetch_channel_tabs_shorts","fetch_channel_tabs_videos","fetch_channel_tabs_livestreams","fetch_channel_tabs_tracks"],
"saved_tabs_key":"{\"tabs\":[{\"tab_id\":3},{\"tab_id\":4},{\"tab_id\":1}]}",
"storage_use_saf":true,
"feed_use_dedicated_fetch_method":false,
"show_image_indicators_key":false,
"show_search_suggestions":["show_local_search_suggestions","show_remote_search_suggestions"],
"progressive_load_interval":"64",
"start_main_player_fullscreen_key":false,
"playback_pitch_key":1.0,
"youtube_restricted_mode_enabled":false,
"file_rename_charset":"CHARSET_MOST_SPECIAL",
"enable_watch_history":true,
"ignore_hardware_media_buttons_key":false,
"main_tabs_position":false,
"disable_media_tunneling_key":false,
"minimize_on_exit_key":"minimize_on_exit_background_key",
"allow_disposed_exceptions_key":false,
"acra.legacyAlreadyConvertedToJson":true,
"preferred_open_action_last_selected":"video_player",
"use_external_audio_player":false,
"import_export_data_path":"content://com.android.externalstorage.documents/document/primary%3Anewpipe%2FNewPipeData-20230201_103805.zip",
"default_audio_format":"audio_m4a",
"playback_speed_key":1.0,
"show_play_with_kodi":true,
"seek_duration":"10000",
"peertube_instance_list":"{\"instances\":[{\"name\":\"FramaTube\",\"url\":\"https://framatube.org\"}]}",
"service":"YouTube",
"stream_info_selected_tab":"NEXT VIDEO"
}